{"nodes":{"node:1":{"location":{"x":617,"y":624}},"node:2":{"location":{"x":824,"y":588}},"node:3":{"location":{"x":411,"y":704}},"node:4":{"location":{"x":534,"y":784}},"node:5":{"location":{"x":449,"y":864}}},"selection":null,"view":{"scroll":{"x":234.7493896484375,"y":410.836669921875},"visible_rect":{"max":{"x":1393.7493896484375,"y":1075.836669921875},"min":{"x":234.7493896484375,"y":410.836669921875}},"zoom":1}}