{"nodes":null,"selection":null,"view":{"scroll":{"x":-1417.888671875,"y":11017.068359375},"visible_rect":{"max":{"x":-1049.306396484375,"y":19262.57421875},"min":{"x":-2373.3076171875,"y":18440.72265625}},"zoom":0.597431480884552002}}