{"nodes":{"node:1":{"location":{"x":-2351,"y":18752}},"node:2":{"location":{"x":-2351,"y":18848}}},"selection":null,"view":{"scroll":{"x":-3200.23046875,"y":23123.7734375},"visible_rect":{"max":{"x":-1666.599853515625,"y":19035.994140625},"min":{"x":-2560.2080078125,"y":18499.189453125}},"zoom":1.24998843669891357}}