{"nodes":{"node:1":{"location":{"x":-1519,"y":18640}},"node:2":{"location":{"x":0,"y":0}}},"selection":null,"view":{"scroll":{"x":-1914.439453125,"y":13902.7021484375},"visible_rect":{"max":{"x":-1063.256591796875,"y":19330.341796875},"min":{"x":-2552.595458984375,"y":18537.00390625}},"zoom":0.749997258186340332}}