{"nodes":{"node:1":{"location":{"x":0,"y":0}},"node:2":{"location":{"x":35,"y":425}},"node:3":{"location":{"x":3,"y":137}}},"selection":null,"view":{"scroll":{"x":-241.387786865234375,"y":-147.82952880859375},"visible_rect":{"max":{"x":668.6121826171875,"y":622.17047119140625},"min":{"x":-241.387786865234375,"y":-147.82952880859375}},"zoom":1}}