{"nodes":{"node:1":{"location":{"x":-2134,"y":18758}},"node:2":{"location":{"x":-2125,"y":18880}},"node:3":{"location":{"x":-1909,"y":18751}}},"selection":null,"view":{"scroll":{"x":-1892.2359619140625,"y":13765.705078125},"visible_rect":{"max":{"x":-757.64801025390625,"y":19374.275390625},"min":{"x":-2522.981689453125,"y":18354.275390625}},"zoom":0.749999940395355225}}