{"nodes":{"node:1":{"location":{"x":-135,"y":192}},"node:10":{"location":{"x":42,"y":448}},"node:11":{"location":{"x":552,"y":-80}},"node:2":{"location":{"x":94,"y":168}},"node:3":{"location":{"x":-421,"y":304}},"node:4":{"location":{"x":-311,"y":432}},"node:5":{"location":{"x":-223,"y":528}},"node:6":{"location":{"x":536,"y":176}},"node:7":{"location":{"x":193,"y":576}},"node:8":{"location":{"x":936,"y":160}},"node:9":{"location":{"x":466,"y":368}}},"selection":null,"view":{"scroll":{"x":-441.509490966796875,"y":-46.703277587890625},"visible_rect":{"max":{"x":2174.213623046875,"y":1873.62646484375},"min":{"x":-1337.9075927734375,"y":-141.52508544921875}},"zoom":0.330000013113021851}}