{"nodes":{"node:1":{"location":{"x":-141,"y":73}},"node:2":{"location":{"x":180,"y":265}},"node:3":{"location":{"x":355,"y":313}},"node:4":{"location":{"x":435,"y":105}}},"selection":null,"view":{"scroll":{"x":-252.794097900390625,"y":-156.122573852539062},"visible_rect":{"max":{"x":668.61212158203125,"y":623.41912841796875},"min":{"x":-241.387847900390625,"y":-149.078216552734375}},"zoom":1.04725277423858643}}