{"nodes":{"node:1":{"location":{"x":-39394,"y":58720}},"node:2":{"location":{"x":-39639,"y":58736}},"node:3":{"location":{"x":-39647,"y":59088}},"node:4":{"location":{"x":-39671,"y":58960}},"node:5":{"location":{"x":-39797,"y":58816}}},"selection":null,"view":{"scroll":{"x":-29957.4609375,"y":43921.8125},"visible_rect":{"max":{"x":-38895.28125,"y":59258.41796875},"min":{"x":-39943.28125,"y":58562.41796875}},"zoom":0.75}}