{"nodes":{"node:1":{"location":{"x":-39394,"y":58720}},"node:2":{"location":{"x":-39639,"y":58736}},"node:3":{"location":{"x":-39647,"y":59088}},"node:4":{"location":{"x":-39671,"y":58960}},"node:5":{"location":{"x":-39797,"y":58816}}},"selection":null,"view":{"scroll":{"x":-378.911346435546875,"y":10.0992918014526367},"visible_rect":{"max":{"x":21250.02734375,"y":27775.58203125},"min":{"x":-19779.171875,"y":527.1829833984375}},"zoom":0.0191570892930030823}}