{"nodes":{"node:1":{"location":{"x":321,"y":592}},"node:2":{"location":{"x":305,"y":672}},"node:3":{"location":{"x":304,"y":752}}},"selection":null,"view":{"scroll":{"x":234.7493896484375,"y":410.836669921875},"visible_rect":{"max":{"x":1393.7493896484375,"y":1075.836669921875},"min":{"x":234.7493896484375,"y":410.836669921875}},"zoom":1}}